Post_ID,Title,Author,Score,Created,Comments,Permalink,URL
1hf8k5t,My son's ADHD saved his sister's life,None,15212,2024-12-16 02:05:27,417,https://www.reddit.com/r/ADHD/comments/1hf8k5t/my_sons_adhd_saved_his_sisters_life/,https://www.reddit.com/r/ADHD/comments/1hf8k5t/my_sons_adhd_saved_his_sisters_life/
pelip6,How I cured my adhd permanently,VitaminNutrient,12806,2021-08-30 16:25:28,884,https://www.reddit.com/r/ADHD/comments/pelip6/how_i_cured_my_adhd_permanently/,https://www.reddit.com/r/ADHD/comments/pelip6/how_i_cured_my_adhd_permanently/
1k2y6x8,The ADHD symptom that finally made people stop saying “everyone does that”.,Same_Membership_2144,12060,2025-04-19 15:00:33,1696,https://www.reddit.com/r/ADHD/comments/1k2y6x8/the_adhd_symptom_that_finally_made_people_stop/,https://www.reddit.com/r/ADHD/comments/1k2y6x8/the_adhd_symptom_that_finally_made_people_stop/
ioi1my,I went through 700 reddit comments and collected 131 ADHD pro-tips!,beatadhd,9587,2020-09-07 22:53:57,623,https://www.reddit.com/r/ADHD/comments/ioi1my/i_went_through_700_reddit_comments_and_collected/,https://www.reddit.com/r/ADHD/comments/ioi1my/i_went_through_700_reddit_comments_and_collected/
jeyfps,"ADHD for me is laying down on my couch using my phone calmly and then remembering that I have a test tomorrow at noon, but instead of studying, I keep laying down on my couch using my phone but anxious.",XxItsNowOrNever99xX,9558,2020-10-20 20:56:22,331,https://www.reddit.com/r/ADHD/comments/jeyfps/adhd_for_me_is_laying_down_on_my_couch_using_my/,https://www.reddit.com/r/ADHD/comments/jeyfps/adhd_for_me_is_laying_down_on_my_couch_using_my/
1i6p8xc,ADHD High IQ Finally realized why I am always exhausted.,Dear_Chemical4826,9539,2025-01-21 18:20:33,907,https://www.reddit.com/r/ADHD/comments/1i6p8xc/adhd_high_iq_finally_realized_why_i_am_always/,https://www.reddit.com/r/ADHD/comments/1i6p8xc/adhd_high_iq_finally_realized_why_i_am_always/
jjd6hl,"It feels like there aren’t enough hours in the day but in reality, 24hrs is PLENTY. In ADHD land, however, there are 3 usable hours and if you miss your window then you’re fucked.",None,9453,2020-10-28 00:01:42,359,https://www.reddit.com/r/ADHD/comments/jjd6hl/it_feels_like_there_arent_enough_hours_in_the_day/,https://www.reddit.com/r/ADHD/comments/jjd6hl/it_feels_like_there_arent_enough_hours_in_the_day/
kre725,It's so damn irritating to be intelligent with ADHD. It's like you've got imposter syndrome towards both.,radically_unoriginal,9291,2021-01-06 02:29:30,667,https://www.reddit.com/r/ADHD/comments/kre725/its_so_damn_irritating_to_be_intelligent_with/,https://www.reddit.com/r/ADHD/comments/kre725/its_so_damn_irritating_to_be_intelligent_with/
11mane9,My nine-year-old just captured the ADHD experience in a single anecdote.,griefofwant,8989,2023-03-08 22:41:53,606,https://www.reddit.com/r/ADHD/comments/11mane9/my_nineyearold_just_captured_the_adhd_experience/,https://www.reddit.com/r/ADHD/comments/11mane9/my_nineyearold_just_captured_the_adhd_experience/
nn8ogl,My ADHD girlfriend has a funny way of doing the dishes.,SanguineCephalopod,8951,2021-05-28 21:53:41,363,https://www.reddit.com/r/ADHD/comments/nn8ogl/my_adhd_girlfriend_has_a_funny_way_of_doing_the/,https://www.reddit.com/r/ADHD/comments/nn8ogl/my_adhd_girlfriend_has_a_funny_way_of_doing_the/
kcmupm,My mom has single handedly found a cure for ADHD!!!,refilljuulpods,8905,2020-12-14 00:46:29,508,https://www.reddit.com/r/ADHD/comments/kcmupm/my_mom_has_single_handedly_found_a_cure_for_adhd/,https://www.reddit.com/r/ADHD/comments/kcmupm/my_mom_has_single_handedly_found_a_cure_for_adhd/
lxoy5d,Shoot.. it's 6pm which is close to 8pm which is basically night which is too late to do anything.,PsychicRocky,8853,2021-03-04 16:42:07,268,https://www.reddit.com/r/ADHD/comments/lxoy5d/shoot_its_6pm_which_is_close_to_8pm_which_is/,https://www.reddit.com/r/ADHD/comments/lxoy5d/shoot_its_6pm_which_is_close_to_8pm_which_is/
l4ybvt,"When you buy things, pay the ADHD tax upfront.",None,8820,2021-01-25 21:41:04,696,https://www.reddit.com/r/ADHD/comments/l4ybvt/when_you_buy_things_pay_the_adhd_tax_upfront/,https://www.reddit.com/r/ADHD/comments/l4ybvt/when_you_buy_things_pay_the_adhd_tax_upfront/
motdce,"I have this habit of saving posts and screenshots thinking I’ll go back to review the information, but instead I just have years of unorganized screenshots and saved things I’ve never looked at.",thegryphonator,8479,2021-04-11 16:01:33,597,https://www.reddit.com/r/ADHD/comments/motdce/i_have_this_habit_of_saving_posts_and_screenshots/,https://www.reddit.com/r/ADHD/comments/motdce/i_have_this_habit_of_saving_posts_and_screenshots/
okswlm,"""nothing ruins a person with ADHD’s day like a 3pm appointment""",irldani,8148,2021-07-15 13:32:05,540,https://www.reddit.com/r/ADHD/comments/okswlm/nothing_ruins_a_person_with_adhds_day_like_a_3pm/,https://www.reddit.com/r/ADHD/comments/okswlm/nothing_ruins_a_person_with_adhds_day_like_a_3pm/
ttteqy,"Ladies and gentlemen my adhd is cured forever ,I will share this simple trick",None,7928,2022-04-01 15:26:06,687,https://www.reddit.com/r/ADHD/comments/ttteqy/ladies_and_gentlemen_my_adhd_is_cured_forever_i/,https://www.reddit.com/r/ADHD/comments/ttteqy/ladies_and_gentlemen_my_adhd_is_cured_forever_i/
n9vq97,Moment of silence for all the time spent procrastinating but also not relaxing because you should be productive,Adriana-meyer,7856,2021-05-11 12:20:09,273,https://www.reddit.com/r/ADHD/comments/n9vq97/moment_of_silence_for_all_the_time_spent/,https://www.reddit.com/r/ADHD/comments/n9vq97/moment_of_silence_for_all_the_time_spent/
kc7t6r,my brothers (who has ADHD) girlfriend put my mum in her place in the best way today,lavender184927,7808,2020-12-13 09:30:30,257,https://www.reddit.com/r/ADHD/comments/kc7t6r/my_brothers_who_has_adhd_girlfriend_put_my_mum_in/,https://www.reddit.com/r/ADHD/comments/kc7t6r/my_brothers_who_has_adhd_girlfriend_put_my_mum_in/
ho6bmu,"You can always tell whether ADHD ""tips"" were written by someone who actually has ADHD or not.",runawayoldgirl,7787,2020-07-09 16:37:16,930,https://www.reddit.com/r/ADHD/comments/ho6bmu/you_can_always_tell_whether_adhd_tips_were/,https://www.reddit.com/r/ADHD/comments/ho6bmu/you_can_always_tell_whether_adhd_tips_were/
l3pcqc,"Stop avoiding going to bed because you're chasing one last bit of satisfaction or dopamine high, just go the fuck to sleep... it's 1am",JoeADHD,7666,2021-01-24 01:21:43,603,https://www.reddit.com/r/ADHD/comments/l3pcqc/stop_avoiding_going_to_bed_because_youre_chasing/,https://www.reddit.com/r/ADHD/comments/l3pcqc/stop_avoiding_going_to_bed_because_youre_chasing/
y6b6mq,Is it an ADHD thing to be calmer during actual emergencies than everyday life?,Charitard123,7642,2022-10-17 13:22:46,1555,https://www.reddit.com/r/ADHD/comments/y6b6mq/is_it_an_adhd_thing_to_be_calmer_during_actual/,https://www.reddit.com/r/ADHD/comments/y6b6mq/is_it_an_adhd_thing_to_be_calmer_during_actual/
1f0k9en,"Reminder: If you made it to adulthood with late diagnosed or untreated ADHD, you are a *survivor.*",Hipster-Deuxbag,7576,2024-08-25 00:48:44,533,https://www.reddit.com/r/ADHD/comments/1f0k9en/reminder_if_you_made_it_to_adulthood_with_late/,https://www.reddit.com/r/ADHD/comments/1f0k9en/reminder_if_you_made_it_to_adulthood_with_late/
orldsl,My dad just told me something that really opened my eyes.,FoofMan,7499,2021-07-25 22:19:16,445,https://www.reddit.com/r/ADHD/comments/orldsl/my_dad_just_told_me_something_that_really_opened/,https://www.reddit.com/r/ADHD/comments/orldsl/my_dad_just_told_me_something_that_really_opened/
mq0i00,"I hate that I can do so much research on a topic that interests me, but if someone were to ask me specific questions about the topic my response would be riddled with ""I don't know"" and ""I don't remember"" because of my crappy ADHD memory.",ughatsocialmedia,7453,2021-04-13 11:41:49,517,https://www.reddit.com/r/ADHD/comments/mq0i00/i_hate_that_i_can_do_so_much_research_on_a_topic/,https://www.reddit.com/r/ADHD/comments/mq0i00/i_hate_that_i_can_do_so_much_research_on_a_topic/
pqoa2e,Do you feel as if you cannot understand instructions unless you get told the “why” as well?,CumLandFill,7433,2021-09-18 15:16:32,565,https://www.reddit.com/r/ADHD/comments/pqoa2e/do_you_feel_as_if_you_cannot_understand/,https://www.reddit.com/r/ADHD/comments/pqoa2e/do_you_feel_as_if_you_cannot_understand/
k5gs84,Spotify wrapped doesnt work for ADHD people,dune_jhodacia,7349,2020-12-02 19:48:22,791,https://www.reddit.com/r/ADHD/comments/k5gs84/spotify_wrapped_doesnt_work_for_adhd_people/,https://www.reddit.com/r/ADHD/comments/k5gs84/spotify_wrapped_doesnt_work_for_adhd_people/
ip62nj,"Let's play a game called, ""Do I feel awful because I forgot to eat, because I forgot to hydrate, because of my mood sensitivity, because of my brain in general, or because of the state of the whole world?""",aristhought,7130,2020-09-09 00:54:51,332,https://www.reddit.com/r/ADHD/comments/ip62nj/lets_play_a_game_called_do_i_feel_awful_because_i/,https://www.reddit.com/r/ADHD/comments/ip62nj/lets_play_a_game_called_do_i_feel_awful_because_i/
i8hk7y,My whole life has been making great first impressions and then slowly disappointing people when I can’t keep it up.,ADHDSushi,7110,2020-08-12 17:04:03,461,https://www.reddit.com/r/ADHD/comments/i8hk7y/my_whole_life_has_been_making_great_first/,https://www.reddit.com/r/ADHD/comments/i8hk7y/my_whole_life_has_been_making_great_first/
usia4r,"Why does every website assume we're parents of kids with ADHD? No man I'm the kid with ADHD here, and I'm not even a kid!",sixStringedAstronaut,7062,2022-05-18 17:35:33,565,https://www.reddit.com/r/ADHD/comments/usia4r/why_does_every_website_assume_were_parents_of/,https://www.reddit.com/r/ADHD/comments/usia4r/why_does_every_website_assume_were_parents_of/
1iwyg5n,What's your ADHD 'life hack' that sounds ridiculous but actually changed everything?,Tiny-Bird1543,6867,2025-02-24 09:49:39,2163,https://www.reddit.com/r/ADHD/comments/1iwyg5n/whats_your_adhd_life_hack_that_sounds_ridiculous/,https://www.reddit.com/r/ADHD/comments/1iwyg5n/whats_your_adhd_life_hack_that_sounds_ridiculous/
1i3ivj8,Stop coming to this subreddit to ask if your awful SO is awful because of ADHD,tnahrp,6855,2025-01-17 15:29:18,412,https://www.reddit.com/r/ADHD/comments/1i3ivj8/stop_coming_to_this_subreddit_to_ask_if_your/,https://www.reddit.com/r/ADHD/comments/1i3ivj8/stop_coming_to_this_subreddit_to_ask_if_your/
k051rd,"A teacher once told me, “ADHD isn’t when you don’t pay attention to anything, it’s when you pay attention to EVERYTHING”",None,6856,2020-11-24 13:33:17,282,https://www.reddit.com/r/ADHD/comments/k051rd/a_teacher_once_told_me_adhd_isnt_when_you_dont/,https://www.reddit.com/r/ADHD/comments/k051rd/a_teacher_once_told_me_adhd_isnt_when_you_dont/
zn5p0t,Today I went on a date with a girl who's also got ADHD,apolobgod,6821,2022-12-16 04:12:08,367,https://www.reddit.com/r/ADHD/comments/zn5p0t/today_i_went_on_a_date_with_a_girl_whos_also_got/,https://www.reddit.com/r/ADHD/comments/zn5p0t/today_i_went_on_a_date_with_a_girl_whos_also_got/
m17i9v,Motivation Tip: Dopamine rewards don't really work for us. That's why I focus on Serotonin as an incentive.,Euphorik1,6779,2021-03-09 14:28:11,381,https://www.reddit.com/r/ADHD/comments/m17i9v/motivation_tip_dopamine_rewards_dont_really_work/,https://www.reddit.com/r/ADHD/comments/m17i9v/motivation_tip_dopamine_rewards_dont_really_work/
lpvp2p,ADHD should really be renamed something like Executive Function Disorder or Executive/Emotional Regulation Disorder,aristhought,6754,2021-02-22 18:22:05,540,https://www.reddit.com/r/ADHD/comments/lpvp2p/adhd_should_really_be_renamed_something_like/,https://www.reddit.com/r/ADHD/comments/lpvp2p/adhd_should_really_be_renamed_something_like/
hdqu02,"I hit on an idea when I was trying to sleep last night, about a place where people like us could go for a few intense weeks of education to increase our ability to focus and learn. After considering a few names for this retreat, it hit me, I was so pleased, ""CONCENTRATION CAM- aahh FUCK"".",bermobaron,6723,2020-06-22 11:42:30,314,https://www.reddit.com/r/ADHD/comments/hdqu02/i_hit_on_an_idea_when_i_was_trying_to_sleep_last/,https://www.reddit.com/r/ADHD/comments/hdqu02/i_hit_on_an_idea_when_i_was_trying_to_sleep_last/
ikiumr,Tough love doesn't work on people with ADHD,None,6709,2020-09-01 11:53:24,637,https://www.reddit.com/r/ADHD/comments/ikiumr/tough_love_doesnt_work_on_people_with_adhd/,https://www.reddit.com/r/ADHD/comments/ikiumr/tough_love_doesnt_work_on_people_with_adhd/
xy5a3k,"The three great ADHD virtues: loitering, defiance, and vanity",mayonnaisedotgov,6634,2022-10-07 17:39:29,486,https://www.reddit.com/r/ADHD/comments/xy5a3k/the_three_great_adhd_virtues_loitering_defiance/,https://www.reddit.com/r/ADHD/comments/xy5a3k/the_three_great_adhd_virtues_loitering_defiance/
tv5scm,"Anyone say ""what"" to a person right after they say something, and while they're in the middle of repeating it you actually did hear what they said, it just took you a second to comprehend and piece it together because shoot that's just how your brain is?",ImTheMasonSensation,6608,2022-04-03 09:53:18,588,https://www.reddit.com/r/ADHD/comments/tv5scm/anyone_say_what_to_a_person_right_after_they_say/,https://www.reddit.com/r/ADHD/comments/tv5scm/anyone_say_what_to_a_person_right_after_they_say/
inlbsm,Stop what you’re doing! you dont want to be scrolling through reddit right now. There’s something you need to do that your executive dysfunction has been preventing. This is your reminder <3,littlelightdragon,6602,2020-09-06 12:39:01,502,https://www.reddit.com/r/ADHD/comments/inlbsm/stop_what_youre_doing_you_dont_want_to_be/,https://www.reddit.com/r/ADHD/comments/inlbsm/stop_what_youre_doing_you_dont_want_to_be/
uu7el5,The only “adhd hack” that’s actually helped me,borrowedurmumsvcard,6600,2022-05-20 20:50:35,858,https://www.reddit.com/r/ADHD/comments/uu7el5/the_only_adhd_hack_thats_actually_helped_me/,https://www.reddit.com/r/ADHD/comments/uu7el5/the_only_adhd_hack_thats_actually_helped_me/
12ltuvg,I passed the bar,None,6540,2023-04-14 11:18:50,460,https://www.reddit.com/r/ADHD/comments/12ltuvg/i_passed_the_bar/,https://www.reddit.com/r/ADHD/comments/12ltuvg/i_passed_the_bar/
l3bobk,“Individuals with ADHD can derive so much pleasure from the planning itself that they believe they’ve been committed to the action as well...,None,6409,2021-01-23 13:00:18,447,https://www.reddit.com/r/ADHD/comments/l3bobk/individuals_with_adhd_can_derive_so_much_pleasure/,https://www.reddit.com/r/ADHD/comments/l3bobk/individuals_with_adhd_can_derive_so_much_pleasure/
t9pkb8,"ohhhhh, no wonder parents don't think ADHD is real",Impossible_Employee3,6409,2022-03-08 20:05:07,860,https://www.reddit.com/r/ADHD/comments/t9pkb8/ohhhhh_no_wonder_parents_dont_think_adhd_is_real/,https://www.reddit.com/r/ADHD/comments/t9pkb8/ohhhhh_no_wonder_parents_dont_think_adhd_is_real/
jhav3c,"How many ADHD posts are you like ""whoa, someone relates with me! I'm gonna save this to read for later."" and you've never went back.",Mindingmiownbiz,6389,2020-10-24 15:31:07,294,https://www.reddit.com/r/ADHD/comments/jhav3c/how_many_adhd_posts_are_you_like_whoa_someone/,https://www.reddit.com/r/ADHD/comments/jhav3c/how_many_adhd_posts_are_you_like_whoa_someone/
mdfb8a,"There’s light, and it’s not at the end of the tunnel",emma_green_eyes,6389,2021-03-26 03:05:08,360,https://www.reddit.com/r/ADHD/comments/mdfb8a/theres_light_and_its_not_at_the_end_of_the_tunnel/,https://www.reddit.com/r/ADHD/comments/mdfb8a/theres_light_and_its_not_at_the_end_of_the_tunnel/
iq94ru,"Read this today; ""Some individuals with ADHD, especially without hyperactivity, have an activation problem as described by Thomas Brown, Ph.D. in his article ADHD without Hyperactivity (1993)""",aristhought,6370,2020-09-10 18:27:45,593,https://www.reddit.com/r/ADHD/comments/iq94ru/read_this_today_some_individuals_with_adhd/,https://www.reddit.com/r/ADHD/comments/iq94ru/read_this_today_some_individuals_with_adhd/
uezmtd,Do you guys struggle with responding with messages to the extent that you just ghost everyone?,CruchyBunches,6364,2022-04-30 00:37:29,631,https://www.reddit.com/r/ADHD/comments/uezmtd/do_you_guys_struggle_with_responding_with/,https://www.reddit.com/r/ADHD/comments/uezmtd/do_you_guys_struggle_with_responding_with/
n5esmt,"I am sick of trying to read stuff on the internet about ADHD when seemingly over 70% of the content talks about ""your child....."" or ""children with ADHD...."".",redditcem,6353,2021-05-05 12:31:05,472,https://www.reddit.com/r/ADHD/comments/n5esmt/i_am_sick_of_trying_to_read_stuff_on_the_internet/,https://www.reddit.com/r/ADHD/comments/n5esmt/i_am_sick_of_trying_to_read_stuff_on_the_internet/
rx28f6,"I had to report and fire my therapist because she told me everything i suffer with, is because im an aries",imsatanshelper,6339,2022-01-06 01:09:22,556,https://www.reddit.com/r/ADHD/comments/rx28f6/i_had_to_report_and_fire_my_therapist_because_she/,https://www.reddit.com/r/ADHD/comments/rx28f6/i_had_to_report_and_fire_my_therapist_because_she/
kmzari,"ADHD is “not having enough time” for a shower, then spending 25 minutes carefully covering up the fact you haven’t showered",None,6322,2020-12-30 09:39:45,400,https://www.reddit.com/r/ADHD/comments/kmzari/adhd_is_not_having_enough_time_for_a_shower_then/,https://www.reddit.com/r/ADHD/comments/kmzari/adhd_is_not_having_enough_time_for_a_shower_then/
prnfcm,"I hired a nanny for myself because ADHD is a disability and I deserve help. You do, too.",milobdenum,6298,2021-09-20 04:15:44,830,https://www.reddit.com/r/ADHD/comments/prnfcm/i_hired_a_nanny_for_myself_because_adhd_is_a/,https://www.reddit.com/r/ADHD/comments/prnfcm/i_hired_a_nanny_for_myself_because_adhd_is_a/
qxftw8,I scared my boyfriend yesterday after I took my first dose of Adderall,coloncancer_sucks,6276,2021-11-19 13:06:39,738,https://www.reddit.com/r/ADHD/comments/qxftw8/i_scared_my_boyfriend_yesterday_after_i_took_my/,https://www.reddit.com/r/ADHD/comments/qxftw8/i_scared_my_boyfriend_yesterday_after_i_took_my/
s5vih0,Do you not watch movies because the idea of committing 90 minutes STRAIGHT just seems overwhelming but spending like 4 hrs straight on the internet just flies by like magic ?,limache,6236,2022-01-17 05:00:29,589,https://www.reddit.com/r/ADHD/comments/s5vih0/do_you_not_watch_movies_because_the_idea_of/,https://www.reddit.com/r/ADHD/comments/s5vih0/do_you_not_watch_movies_because_the_idea_of/
sqx4jh,Nobody talks about how much executive dysfunction affects your ability to properly engage in/enjoy recreational activities,BUMBOPUSSYRASCLAT,6153,2022-02-12 17:55:10,429,https://www.reddit.com/r/ADHD/comments/sqx4jh/nobody_talks_about_how_much_executive_dysfunction/,https://www.reddit.com/r/ADHD/comments/sqx4jh/nobody_talks_about_how_much_executive_dysfunction/
jcdn8p,A key difference between laziness and executive dysfunction (a major part of ADHD),aCleverGroupofAnts,6100,2020-10-16 17:00:19,258,https://www.reddit.com/r/ADHD/comments/jcdn8p/a_key_difference_between_laziness_and_executive/,https://www.reddit.com/r/ADHD/comments/jcdn8p/a_key_difference_between_laziness_and_executive/
npogof,Hands up if you have a diagnosis but still think that the reason everything is so incredibly difficult is because you're stupid and lazy.,SonderWatcher,6088,2021-06-01 07:39:59,297,https://www.reddit.com/r/ADHD/comments/npogof/hands_up_if_you_have_a_diagnosis_but_still_think/,https://www.reddit.com/r/ADHD/comments/npogof/hands_up_if_you_have_a_diagnosis_but_still_think/
jfbjy4,"ADHD is weird cause when people ask me ""Did you try your best?"" At the same time I can't say that I did, because I couldn't bring myself to do what was asked, but at the same time I had intent, I tried to start so many times, I sat at my desk looking at the thing I had to do and just... Didn't...",DoWidzenya,6064,2020-10-21 12:07:38,257,https://www.reddit.com/r/ADHD/comments/jfbjy4/adhd_is_weird_cause_when_people_ask_me_did_you/,https://www.reddit.com/r/ADHD/comments/jfbjy4/adhd_is_weird_cause_when_people_ask_me_did_you/
xog2lu,"My therapist just cured my ADHD, I only had to choose to not have it.",Character-Echidna346,6050,2022-09-26 11:01:18,810,https://www.reddit.com/r/ADHD/comments/xog2lu/my_therapist_just_cured_my_adhd_i_only_had_to/,https://www.reddit.com/r/ADHD/comments/xog2lu/my_therapist_just_cured_my_adhd_i_only_had_to/
en33nr,"Ever tell yourself, “you gotta do *thing you’re currently dreading*” first before you can do *thing you enjoy* and instead of doing either, you sit in a void of doing nothing for hours?",StellarTeller18,6047,2020-01-11 04:59:38,302,https://www.reddit.com/r/ADHD/comments/en33nr/ever_tell_yourself_you_gotta_do_thing_youre/,https://www.reddit.com/r/ADHD/comments/en33nr/ever_tell_yourself_you_gotta_do_thing_youre/
iged8y,"Ya'll ever just set an alarm/notification to remind you to do an activity/chore/anything needing to get done every day, then ignore the alarm/notification because you don't want to do it?",None,6036,2020-08-25 15:29:26,383,https://www.reddit.com/r/ADHD/comments/iged8y/yall_ever_just_set_an_alarmnotification_to_remind/,https://www.reddit.com/r/ADHD/comments/iged8y/yall_ever_just_set_an_alarmnotification_to_remind/
1hvak28,"I cannot stop staying up too late because it's my ""me"" time",tomatojalapeno,6035,2025-01-06 21:34:08,414,https://www.reddit.com/r/ADHD/comments/1hvak28/i_cannot_stop_staying_up_too_late_because_its_my/,https://www.reddit.com/r/ADHD/comments/1hvak28/i_cannot_stop_staying_up_too_late_because_its_my/
m8echm,"I love getting the majority of a task done, stopping and congratulating yourself on a job well done, then taking 4 hours to do 20 more minutes of work.",benxschurer,6015,2021-03-19 10:31:53,249,https://www.reddit.com/r/ADHD/comments/m8echm/i_love_getting_the_majority_of_a_task_done/,https://www.reddit.com/r/ADHD/comments/m8echm/i_love_getting_the_majority_of_a_task_done/
seb0xz,"Tonight, I graduated almost two years late. My thesis is nominated for the highest national academic distinction. It feels unreal.",astrallizzard,6006,2022-01-27 22:48:16,202,https://www.reddit.com/r/ADHD/comments/seb0xz/tonight_i_graduated_almost_two_years_late_my/,https://www.reddit.com/r/ADHD/comments/seb0xz/tonight_i_graduated_almost_two_years_late_my/
x6xjor,"Do you experience an endless cycle of feeling ready to wholly reinvent yourself, pushing yourself too hard, inevitably failing, spiraling into a deep, self-hating and sometimes self-destructive depression, then repeating?",adultwomanbobbyhill,5998,2022-09-06 01:40:54,580,https://www.reddit.com/r/ADHD/comments/x6xjor/do_you_experience_an_endless_cycle_of_feeling/,https://www.reddit.com/r/ADHD/comments/x6xjor/do_you_experience_an_endless_cycle_of_feeling/
mlzqnr,Just wanted to thank this subreddit for its lack of toxic positivity. It's a relief.,Naive-Independence61,5996,2021-04-07 11:13:14,423,https://www.reddit.com/r/ADHD/comments/mlzqnr/just_wanted_to_thank_this_subreddit_for_its_lack/,https://www.reddit.com/r/ADHD/comments/mlzqnr/just_wanted_to_thank_this_subreddit_for_its_lack/
hmqc3m,"ADHD is deciding to become a rocket scientist at night, and getting mad when you can't build a rocket the next day.",TheOutsider134,5993,2020-07-07 07:59:07,328,https://www.reddit.com/r/ADHD/comments/hmqc3m/adhd_is_deciding_to_become_a_rocket_scientist_at/,https://www.reddit.com/r/ADHD/comments/hmqc3m/adhd_is_deciding_to_become_a_rocket_scientist_at/
11c6eis,Being a ranch hand is ADHD heaven.,None,5995,2023-02-26 05:32:17,566,https://www.reddit.com/r/ADHD/comments/11c6eis/being_a_ranch_hand_is_adhd_heaven/,https://www.reddit.com/r/ADHD/comments/11c6eis/being_a_ranch_hand_is_adhd_heaven/
qqj3q2,Executive dysfunction is the worst part of ADHD,Zaoessss,5957,2021-11-10 01:50:02,589,https://www.reddit.com/r/ADHD/comments/qqj3q2/executive_dysfunction_is_the_worst_part_of_adhd/,https://www.reddit.com/r/ADHD/comments/qqj3q2/executive_dysfunction_is_the_worst_part_of_adhd/
v65716,"Rely On Systems, Not Discipline. ""You do not rise to the level of your goals. You fall to the level of your systems.""",Here_and_Now17,5944,2022-06-06 14:46:33,302,https://www.reddit.com/r/ADHD/comments/v65716/rely_on_systems_not_discipline_you_do_not_rise_to/,https://www.reddit.com/r/ADHD/comments/v65716/rely_on_systems_not_discipline_you_do_not_rise_to/
rgfxh8,My mom told me I’ve had an ADHD diagnosis my whole life,DannoWhamo,5934,2021-12-14 20:03:04,614,https://www.reddit.com/r/ADHD/comments/rgfxh8/my_mom_told_me_ive_had_an_adhd_diagnosis_my_whole/,https://www.reddit.com/r/ADHD/comments/rgfxh8/my_mom_told_me_ive_had_an_adhd_diagnosis_my_whole/
sfikqf,"""Your disability doesn't define you!""",None,5889,2022-01-29 13:54:26,451,https://www.reddit.com/r/ADHD/comments/sfikqf/your_disability_doesnt_define_you/,https://www.reddit.com/r/ADHD/comments/sfikqf/your_disability_doesnt_define_you/
q6m35f,"Pro tip: take lots of pics with your partner, of special moments together, and screen shots of their texts and put it in a separate album on your phone so you can refer to it when you start experiencing object/emotional impermanence.",umyshawty,5876,2021-10-12 13:22:50,386,https://www.reddit.com/r/ADHD/comments/q6m35f/pro_tip_take_lots_of_pics_with_your_partner_of/,https://www.reddit.com/r/ADHD/comments/q6m35f/pro_tip_take_lots_of_pics_with_your_partner_of/
oxb1ak,I forgot I was having sex?,thtsveryinteresting,5825,2021-08-03 19:34:43,621,https://www.reddit.com/r/ADHD/comments/oxb1ak/i_forgot_i_was_having_sex/,https://www.reddit.com/r/ADHD/comments/oxb1ak/i_forgot_i_was_having_sex/
ldd6yt,A Life-Changing Hack for Students with ADHD,adamrogu24,5777,2021-02-05 18:07:20,315,https://www.reddit.com/r/ADHD/comments/ldd6yt/a_lifechanging_hack_for_students_with_adhd/,https://www.reddit.com/r/ADHD/comments/ldd6yt/a_lifechanging_hack_for_students_with_adhd/
qwdzqh,What I thought ADHD was vs. what it's actually like for me,clearlystyle,5775,2021-11-18 01:13:51,959,https://www.reddit.com/r/ADHD/comments/qwdzqh/what_i_thought_adhd_was_vs_what_its_actually_like/,https://www.reddit.com/r/ADHD/comments/qwdzqh/what_i_thought_adhd_was_vs_what_its_actually_like/
b1h7l7,"You know the whole ADHD loophole where if someone else needs help, you gain the sudden inexplicable ability to do the thing? My Dad and I figured out a way to hack it.",deliciousraspberry,5779,2019-03-15 16:49:44,380,https://www.reddit.com/r/ADHD/comments/b1h7l7/you_know_the_whole_adhd_loophole_where_if_someone/,https://www.reddit.com/r/ADHD/comments/b1h7l7/you_know_the_whole_adhd_loophole_where_if_someone/
1bmo2m1,Reminder: Your ADHD diagnosis comes with a free lifetime National Parks Pass,pricklycactass,5760,2024-03-24 15:57:12,481,https://www.reddit.com/r/ADHD/comments/1bmo2m1/reminder_your_adhd_diagnosis_comes_with_a_free/,https://www.reddit.com/r/ADHD/comments/1bmo2m1/reminder_your_adhd_diagnosis_comes_with_a_free/
11zi25n,devastated to find out that a tidy living environment DOES improve my mood,fart-ah,5716,2023-03-23 11:56:04,374,https://www.reddit.com/r/ADHD/comments/11zi25n/devastated_to_find_out_that_a_tidy_living/,https://www.reddit.com/r/ADHD/comments/11zi25n/devastated_to_find_out_that_a_tidy_living/
la6x95,Do you guys ever feel like you’ve won the lottery when less time has passed than you thought?,GallifreyanMoriarty,5706,2021-02-01 16:18:35,119,https://www.reddit.com/r/ADHD/comments/la6x95/do_you_guys_ever_feel_like_youve_won_the_lottery/,https://www.reddit.com/r/ADHD/comments/la6x95/do_you_guys_ever_feel_like_youve_won_the_lottery/
xj72q9,Y'all NEED to hear this... ADHDers use strong negative emotions to motivate ourselves...,Longjumping-Ad6526,5703,2022-09-20 12:09:55,684,https://www.reddit.com/r/ADHD/comments/xj72q9/yall_need_to_hear_this_adhders_use_strong/,https://www.reddit.com/r/ADHD/comments/xj72q9/yall_need_to_hear_this_adhders_use_strong/
oe4c7k,"Holy shit, ADHD is fucking awful.",Different-Job-2078,5700,2021-07-05 10:10:27,380,https://www.reddit.com/r/ADHD/comments/oe4c7k/holy_shit_adhd_is_fucking_awful/,https://www.reddit.com/r/ADHD/comments/oe4c7k/holy_shit_adhd_is_fucking_awful/
1imc89y,"Study Finds 60% of Adults with ADHD Have Sleep Disorders, Including Insomnia and Restless Leg Syndrome",Emillahr,5682,2025-02-10 17:52:18,575,https://www.reddit.com/r/ADHD/comments/1imc89y/study_finds_60_of_adults_with_adhd_have_sleep/,https://www.reddit.com/r/ADHD/comments/1imc89y/study_finds_60_of_adults_with_adhd_have_sleep/
132oq8r,"Shout out to the parents in the late 90’s & 2000’s who despite being judged harshly by society, saw their child struggling & took them to get a diagnosis & help for their ADHD.",PeppaRomy,5654,2023-04-29 09:50:29,376,https://www.reddit.com/r/ADHD/comments/132oq8r/shout_out_to_the_parents_in_the_late_90s_2000s/,https://www.reddit.com/r/ADHD/comments/132oq8r/shout_out_to_the_parents_in_the_late_90s_2000s/
jz1g5g,"When you are halfway done changing your sheets and then get halfway through sorting laundry and then start plucking your eyebrows and then make coffee and still haven’t started your homework, but now have a bunch of half started chores you don’t want to finish so you go on reddit",hammersandstrings11,5632,2020-11-22 19:13:34,207,https://www.reddit.com/r/ADHD/comments/jz1g5g/when_you_are_halfway_done_changing_your_sheets/,https://www.reddit.com/r/ADHD/comments/jz1g5g/when_you_are_halfway_done_changing_your_sheets/
pntlfz,I read a meme about how people will take you seriously if you say that you have a neurological condition that (symptom) but as soon as you mention it’s ADHD their demeanor changes. It’s true. You could literally be like…,kittykat-kay,5633,2021-09-14 02:05:35,605,https://www.reddit.com/r/ADHD/comments/pntlfz/i_read_a_meme_about_how_people_will_take_you/,https://www.reddit.com/r/ADHD/comments/pntlfz/i_read_a_meme_about_how_people_will_take_you/
k97x1r,PSA to every family right now: Constantly yelling at your ADHD family member for forgetting things and tasks won't actually do anything beyond making them feel like shit. Please stop.,Blerdgirlchronicles,5619,2020-12-08 16:57:17,274,https://www.reddit.com/r/ADHD/comments/k97x1r/psa_to_every_family_right_now_constantly_yelling/,https://www.reddit.com/r/ADHD/comments/k97x1r/psa_to_every_family_right_now_constantly_yelling/
u4kaby,My ideal day off is literally doing nothing.,Peenutbuttjellytime,5580,2022-04-15 23:07:46,470,https://www.reddit.com/r/ADHD/comments/u4kaby/my_ideal_day_off_is_literally_doing_nothing/,https://www.reddit.com/r/ADHD/comments/u4kaby/my_ideal_day_off_is_literally_doing_nothing/
f60q7p,My therapist said something I think might help others,Practice_NO_with_me,5556,2020-02-18 23:07:47,584,https://www.reddit.com/r/ADHD/comments/f60q7p/my_therapist_said_something_i_think_might_help/,https://www.reddit.com/r/ADHD/comments/f60q7p/my_therapist_said_something_i_think_might_help/
jbpfhp,“Here’s something that happens to ADHD children a lot: Getting pushed beyond their limits by accident. Here’s how it works and why it’s so bad.” (From a Tumblr post linked below.),splenicartery,5498,2020-10-15 15:14:13,564,https://www.reddit.com/r/ADHD/comments/jbpfhp/heres_something_that_happens_to_adhd_children_a/,https://www.reddit.com/r/ADHD/comments/jbpfhp/heres_something_that_happens_to_adhd_children_a/
p5ffun,"Being an undiagnosed ""high-performing"" ADHD kid just sets you up for an ass kicking once you enter the workforce.",Common_Teaching2554,5487,2021-08-16 12:51:57,331,https://www.reddit.com/r/ADHD/comments/p5ffun/being_an_undiagnosed_highperforming_adhd_kid_just/,https://www.reddit.com/r/ADHD/comments/p5ffun/being_an_undiagnosed_highperforming_adhd_kid_just/
lud5qo,Years of living with ADHD was training for this moment!,wearekindtosnails,5475,2021-02-28 10:55:41,290,https://www.reddit.com/r/ADHD/comments/lud5qo/years_of_living_with_adhd_was_training_for_this/,https://www.reddit.com/r/ADHD/comments/lud5qo/years_of_living_with_adhd_was_training_for_this/
113bd4c,"Subscriptions you can't cancel over the phone or online should be illegal, and they feel specifically designed to prey on ADHD/Disabled people",SploogeMcDucc,5441,2023-02-15 23:07:19,473,https://www.reddit.com/r/ADHD/comments/113bd4c/subscriptions_you_cant_cancel_over_the_phone_or/,https://www.reddit.com/r/ADHD/comments/113bd4c/subscriptions_you_cant_cancel_over_the_phone_or/
jm8o00,I CLEANED MY ENTIRE APPARTMENT ALL BY MYSELF!!! AND I STUDIED FOR 3-5 HOURS EACH DAY FOR 3 DAYS IN A ROW!!!,myaddbrain,5435,2020-11-01 19:48:38,205,https://www.reddit.com/r/ADHD/comments/jm8o00/i_cleaned_my_entire_appartment_all_by_myself_and/,https://www.reddit.com/r/ADHD/comments/jm8o00/i_cleaned_my_entire_appartment_all_by_myself_and/
mn9f8g,Having ADHD is like being gaslit by society for your entire life,FaithInStrangers94,5422,2021-04-09 04:21:00,323,https://www.reddit.com/r/ADHD/comments/mn9f8g/having_adhd_is_like_being_gaslit_by_society_for/,https://www.reddit.com/r/ADHD/comments/mn9f8g/having_adhd_is_like_being_gaslit_by_society_for/
ocy0zn,Reminder to check your saved posts and comments.,orlandeau69,5405,2021-07-03 13:25:21,201,https://www.reddit.com/r/ADHD/comments/ocy0zn/reminder_to_check_your_saved_posts_and_comments/,https://www.reddit.com/r/ADHD/comments/ocy0zn/reminder_to_check_your_saved_posts_and_comments/
s2yf9b,Knowing I have to decide what to eat three times a day for the rest of my life is so overwhelming.,A_Blinkin,5395,2022-01-13 12:32:53,877,https://www.reddit.com/r/ADHD/comments/s2yf9b/knowing_i_have_to_decide_what_to_eat_three_times/,https://www.reddit.com/r/ADHD/comments/s2yf9b/knowing_i_have_to_decide_what_to_eat_three_times/
1ioso5c,"RFK Jr., now confirmed, is a threat to our existence.",ZombieDracula,5387,2025-02-13 20:27:35,582,https://www.reddit.com/r/ADHD/comments/1ioso5c/rfk_jr_now_confirmed_is_a_threat_to_our_existence/,https://www.reddit.com/r/ADHD/comments/1ioso5c/rfk_jr_now_confirmed_is_a_threat_to_our_existence/
m3xxaz,"Everyone talks about ADHD’ers being “too much”, but instead I’d like to bring some attention to the flip side... Not enough.",MoonlightMills,5361,2021-03-13 03:15:56,408,https://www.reddit.com/r/ADHD/comments/m3xxaz/everyone_talks_about_adhders_being_too_much_but/,https://www.reddit.com/r/ADHD/comments/m3xxaz/everyone_talks_about_adhders_being_too_much_but/
126bj10,I lost an onion today.,partiallycylon,5350,2023-03-30 04:25:03,1187,https://www.reddit.com/r/ADHD/comments/126bj10/i_lost_an_onion_today/,https://www.reddit.com/r/ADHD/comments/126bj10/i_lost_an_onion_today/
